roll_number,student_name,english_marks,math_marks,science_marks,social_marks,computer_marks,total_marks,percentage,overall_grade
R0001,Charvi Saxena,52,48,52,51,46,249,49.8,F
R0002,Sneha Bhatt,72,79,63,82,82,378,75.6,C
R0003,Priya Ghosh,78,84,74,69,80,385,77.0,C
R0004,Lakshmi Singh,85,77,88,88,92,430,86.0,B
R0005,Vihaan Desai,70,64,74,77,74,359,71.8,C
R0006,Tejas Trivedi,86,78,84,93,100,441,88.2,B
R0007,Vaishnavi Sharma,72,73,74,66,87,372,74.4,C
R0008,Mohit Das,71,67,70,62,67,337,67.4,D
R0009,Ishaan Ghosh,79,81,63,95,86,404,80.8,B
R0010,Ishaan Chatterjee,86,67,59,85,89,386,77.2,C
R0011,Swara Desai,68,77,85,58,63,351,70.2,C
R0012,Pranav Joshi,69,64,75,62,79,349,69.8,D
R0013,Ishita Verma,70,71,69,73,74,357,71.4,C
R0014,Janvi Banerjee,73,68,58,85,82,366,73.2,C
R0015,Rishabh Bhat,60,53,49,63,85,310,62.0,D
R0016,Priya Naidu,85,85,95,97,100,462,92.4,A
R0017,Ananya Rajput,67,70,44,72,81,334,66.8,D
R0018,Swara Ghosh,78,72,74,85,80,389,77.8,C
R0019,Divya Kapoor,61,56,67,72,57,313,62.6,D
R0020,Pranav Rajput,77,78,77,77,92,401,80.2,B
R0021,Aniket Kumar,77,66,82,82,80,387,77.4,C
R0022,Lakshmi Mehta,67,51,65,67,72,322,64.4,D
R0023,Sita Kapoor,98,97,100,96,100,491,98.2,A
R0024,Krishna Patel,77,68,68,85,83,381,76.2,C
R0025,Sai Patel,95,76,83,91,100,445,89.0,B
R0026,Rohan Bhat,84,73,85,87,86,415,83.0,B
R0027,Mahima Chatterjee,63,55,73,59,66,316,63.2,D
R0028,Swara Shah,67,53,66,69,74,329,65.8,D
R0029,Aarohi Saxena,78,62,85,76,85,386,77.2,C
R0030,Sai Bhat,73,69,68,84,68,362,72.4,C
R0031,Rahul Mukherjee,73,76,63,76,64,352,70.4,C
R0032,Manish Singh,68,62,78,71,68,347,69.4,D
R0033,Janvi Sharma,48,38,60,64,51,261,52.2,F
R0034,Reyansh Rao,69,68,80,48,68,333,66.6,D
R0035,Mahima Mishra,43,45,38,37,40,203,40.6,F
R0036,Radha Kumar,77,71,67,58,74,347,69.4,D
R0037,Ishita Chopra,63,63,53,65,65,309,61.8,D
R0038,Mohit Sharma,63,67,60,69,67,326,65.2,D
R0039,Meera Sinha,69,63,73,77,61,343,68.6,D
R0040,Nisha Mehta,76,65,79,81,76,377,75.4,C
R0041,Aadhya Verma,53,52,41,48,61,255,51.0,F
R0042,Trisha Bhatt,49,47,50,65,53,264,52.8,F
R0043,Ayaan Bhat,58,63,57,63,52,293,58.6,F
R0044,Charvi Sinha,45,35,45,45,47,217,43.4,F
R0045,Divya Saxena,59,50,58,52,64,283,56.6,F
R0046,Aditya Yadav,93,82,90,99,100,464,92.8,A
R0047,Rishabh Nair,58,40,62,56,50,266,53.2,F
R0048,Karthik Shetty,80,77,80,79,90,406,81.2,B
R0049,Ishita Bhat,54,54,55,58,55,276,55.2,F
R0050,Aisha Trivedi,76,66,69,80,82,373,74.6,C
R0051,Sneha Chopra,68,75,70,64,78,355,71.0,C
R0052,Kavya Menon,71,74,69,83,69,366,73.2,C
R0053,Krishna Reddy,79,80,61,73,77,370,74.0,C
R0054,Nisha Malhotra,95,94,98,88,99,474,94.8,A
R0055,Riya Desai,75,79,72,80,86,392,78.4,C
R0056,Dhruv Mehta,74,59,80,77,74,364,72.8,C
R0057,Manish Das,59,60,57,62,52,290,58.0,F
R0058,Gaurav Malhotra,80,81,78,79,79,397,79.4,C
R0059,Priya Rajput,69,51,70,72,77,339,67.8,D
R0060,Varun Menon,83,82,82,81,97,425,85.0,B
R0061,Sai Kapoor,71,65,66,60,72,334,66.8,D
R0062,Sai Saxena,95,97,80,100,97,469,93.8,A
R0063,Aadhya Mishra,46,38,60,40,49,233,46.6,F
R0064,Trisha Mehta,68,64,54,68,72,326,65.2,D
R0065,Saanvi Banerjee,83,82,79,91,80,415,83.0,B
R0066,Harsh Singh,67,56,71,69,68,331,66.2,D
R0067,Vihaan Agarwal,62,63,64,86,68,343,68.6,D
R0068,Aarohi Nair,69,64,73,60,74,340,68.0,D
R0069,Gaurav Chauhan,54,54,59,50,59,276,55.2,F
R0070,Trisha Kumar,74,66,83,77,71,371,74.2,C
R0071,Aarav Tiwari,100,100,100,100,100,500,100.0,A
R0072,Aarav Desai,87,88,100,87,86,448,89.6,B
R0073,Mohit Trivedi,58,53,49,49,71,280,56.0,F
R0074,Reyansh Tiwari,61,62,62,72,77,334,66.8,D
R0075,Diya Gupta,67,73,63,62,74,339,67.8,D
R0076,Lakshmi Sinha,85,95,80,86,100,446,89.2,B
R0077,Rishabh Jain,61,44,62,70,63,300,60.0,D
R0078,Aisha Shah,63,66,74,60,65,328,65.6,D
R0079,Trisha Naidu,84,84,77,82,78,405,81.0,B
R0080,Siddharth Gupta,83,78,76,89,90,416,83.2,B
R0081,Saanvi Rao,67,55,72,67,68,329,65.8,D
R0082,Anjali Jain,57,63,60,61,62,303,60.6,D
R0083,Karthik Naidu,52,38,67,47,61,265,53.0,F
R0084,Aditya Rao,63,64,70,64,66,327,65.4,D
R0085,Manish Bhatt,43,49,44,36,39,211,42.2,F
R0086,Mahima Saxena,82,65,78,72,86,383,76.6,C
R0087,Riya Naidu,64,58,65,80,68,335,67.0,D
R0088,Vihaan Malhotra,78,64,76,84,83,385,77.0,C
R0089,Mahima Agarwal,96,94,84,100,100,474,94.8,A
R0090,Atharv Singh,87,95,86,81,90,439,87.8,B
R0091,Divya Patel,57,69,55,59,60,300,60.0,D
R0092,Mahima Bhatt,83,65,80,83,100,411,82.2,B
R0093,Priya Chatterjee,87,78,83,78,100,426,85.2,B
R0094,Anjali Shetty,62,64,75,68,66,335,67.0,D
R0095,Rishabh Desai,60,69,65,56,57,307,61.4,D
R0096,Sai Bose,71,70,77,71,72,361,72.2,C
R0097,Vihaan Patel,51,41,45,41,59,237,47.4,F
R0098,Ishita Chopra,91,89,82,100,100,462,92.4,A
R0099,Swara Patel,41,37,38,49,65,230,46.0,F
R0100,Vaishnavi Iyer,58,52,59,63,61,293,58.6,F
R0101,Gaurav Chauhan,68,58,64,63,74,327,65.4,D
R0102,Krishna Tiwari,69,68,66,67,71,341,68.2,D
R0103,Ishita Banerjee,74,72,81,86,79,392,78.4,C
R0104,Arjun Bhat,76,71,77,76,78,378,75.6,C
R0105,Sai Trivedi,69,63,60,73,65,330,66.0,D
R0106,Pooja Pillai,87,73,83,90,100,433,86.6,B
R0107,Vihaan Menon,44,36,38,37,50,205,41.0,F
R0108,Siddharth Mishra,72,78,72,86,87,395,79.0,C
R0109,Sita Chopra,63,57,53,49,64,286,57.2,F
R0110,Vaishnavi Bhat,74,58,72,78,81,363,72.6,C
R0111,Diya Bose,75,82,80,76,85,398,79.6,C
R0112,Neha Shah,60,60,59,49,50,278,55.6,F
R0113,Janvi Mehta,64,77,56,69,59,325,65.0,D
R0114,Gaurav Jain,82,79,76,88,93,418,83.6,B
R0115,Yash Sharma,77,69,77,79,83,385,77.0,C
R0116,Priya Bose,63,47,66,58,53,287,57.4,F
R0117,Tara Das,99,100,100,100,98,497,99.4,A
R0118,Kavya Gupta,100,100,98,100,97,495,99.0,A
R0119,Lakshmi Agarwal,53,42,41,57,54,247,49.4,F
R0120,Lakshmi Das,76,67,86,92,93,414,82.8,B
R0121,Mahima Sharma,100,100,100,100,100,500,100.0,A
R0122,Sita Saxena,82,71,84,90,100,427,85.4,B
R0123,Mohit Ghosh,75,69,76,88,78,386,77.2,C
R0124,Trisha Bhat,69,62,60,66,68,325,65.0,D
R0125,Reyansh Yadav,65,63,61,63,82,334,66.8,D
R0126,Dhruv Singh,69,74,70,75,82,370,74.0,C
R0127,Ayaan Rao,65,61,72,71,81,350,70.0,C
R0128,Vaishnavi Chopra,82,85,81,96,100,444,88.8,B
R0129,Krishna Rao,67,60,41,78,81,327,65.4,D
R0130,Varun Pillai,66,65,63,69,81,344,68.8,D
R0131,Yash Jain,56,35,58,60,48,257,51.4,F
R0132,Sita Naidu,71,55,80,71,70,347,69.4,D
R0133,Janvi Pillai,60,62,65,59,69,315,63.0,D
R0134,Rohan Verma,70,61,89,68,77,365,73.0,C
R0135,Reyansh Chauhan,86,87,96,95,97,461,92.2,A
R0136,Dhruv Banerjee,77,77,87,75,78,394,78.8,C
R0137,Atharv Rajput,79,86,86,78,93,422,84.4,B
R0138,Kabir Bhat,77,79,65,80,98,399,79.8,C
R0139,Trisha Bhat,73,77,79,71,83,383,76.6,C
R0140,Sakshi Bhatt,70,65,74,70,82,361,72.2,C
R0141,Shreya Yadav,68,58,63,53,77,319,63.8,D
R0142,Priya Menon,82,72,86,87,95,422,84.4,B
R0143,Aarohi Banerjee,58,50,60,58,65,291,58.2,F
R0144,Charvi Bhatt,89,76,84,93,90,432,86.4,B
R0145,Manish Agarwal,72,64,70,77,79,362,72.4,C
R0146,Divya Shah,62,57,59,49,68,295,59.0,F
R0147,Reyansh Reddy,66,64,67,88,59,344,68.8,D
R0148,Karthik Banerjee,63,56,59,67,70,315,63.0,D
R0149,Kabir Bhat,74,55,77,78,80,364,72.8,C
R0150,Aadhya Chauhan,63,58,47,51,70,289,57.8,F
R0151,Tara Verma,87,85,84,95,88,439,87.8,B
R0152,Neha Das,62,67,48,68,71,316,63.2,D
R0153,Pooja Mishra,42,43,37,42,52,216,43.2,F
R0154,Yash Pandey,62,53,65,67,62,309,61.8,D
R0155,Rohan Saxena,46,36,45,59,54,240,48.0,F
R0156,Bhavna Chauhan,71,83,69,71,83,377,75.4,C
R0157,Tejas Pillai,86,88,86,82,97,439,87.8,B
R0158,Meera Malhotra,80,91,92,94,78,435,87.0,B
R0159,Ishita Kumar,55,68,45,60,52,280,56.0,F
R0160,Aryan Reddy,62,51,68,64,68,313,62.6,D
R0161,Rishabh Kumar,95,94,82,100,92,463,92.6,A
R0162,Tejas Shah,76,76,71,80,100,403,80.6,B
R0163,Swara Sinha,72,72,72,74,71,361,72.2,C
R0164,Riya Iyer,86,86,78,91,85,426,85.2,B
R0165,Tara Kapoor,100,98,100,100,100,498,99.6,A
R0166,Vaishnavi Mukherjee,89,86,94,94,90,453,90.6,A
R0167,Aryan Menon,74,58,63,78,61,334,66.8,D
R0168,Aniket Tiwari,77,72,75,75,81,380,76.0,C
R0169,Manish Desai,80,70,76,81,77,384,76.8,C
R0170,Ishaan Chauhan,64,61,47,70,65,307,61.4,D
R0171,Anjali Chatterjee,58,50,56,64,50,278,55.6,F
R0172,Karthik Saxena,73,74,66,81,71,365,73.0,C
R0173,Gaurav Saxena,60,63,70,69,64,326,65.2,D
R0174,Reyansh Rao,71,69,63,76,75,354,70.8,C
R0175,Tara Reddy,73,72,86,80,69,380,76.0,C
R0176,Pooja Agarwal,100,97,95,100,99,491,98.2,A
R0177,Aarav Bose,61,53,76,62,59,311,62.2,D
R0178,Sneha Das,70,65,73,81,76,365,73.0,C
R0179,Sakshi Yadav,70,62,73,57,74,336,67.2,D
R0180,Lakshmi Iyer,78,77,83,84,73,395,79.0,C
R0181,Bhavna Shah,86,82,92,100,96,456,91.2,A
R0182,Sneha Das,66,67,76,54,65,328,65.6,D
R0183,Tara Bhatt,61,46,74,76,69,326,65.2,D
R0184,Sakshi Bhat,51,54,47,40,48,240,48.0,F
R0185,Swara Shah,60,50,49,66,67,292,58.4,F
R0186,Tejas Patel,79,69,57,95,83,383,76.6,C
R0187,Aryan Patel,73,67,69,88,78,375,75.0,C
R0188,Sai Sharma,59,50,64,54,68,295,59.0,F
R0189,Rahul Verma,67,65,69,59,75,335,67.0,D
R0190,Divya Singh,72,63,72,63,78,348,69.6,D
R0191,Charvi Rao,79,66,75,87,85,392,78.4,C
R0192,Mahima Naidu,64,53,58,63,59,297,59.4,F
R0193,Karthik Patel,69,75,66,72,73,355,71.0,C
R0194,Yash Menon,48,44,50,53,35,230,46.0,F
R0195,Krishna Mehta,57,44,42,63,44,250,50.0,F
R0196,Krishna Mishra,93,89,98,100,95,475,95.0,A
R0197,Reyansh Sharma,44,35,35,47,47,208,41.6,F
R0198,Aniket Desai,68,78,66,58,84,354,70.8,C
R0199,Priya Jain,75,59,69,89,85,377,75.4,C
R0200,Sita Shetty,67,67,63,47,80,324,64.8,D
R0201,Kavya Das,61,61,52,73,63,310,62.0,D
R0202,Sai Tiwari,71,55,61,69,79,335,67.0,D
R0203,Atharv Kapoor,72,70,69,73,86,370,74.0,C
R0204,Karthik Rao,71,75,61,69,80,356,71.2,C
R0205,Anjali Naidu,48,48,67,47,55,265,53.0,F
R0206,Manish Patel,70,68,66,72,75,351,70.2,C
R0207,Karthik Das,61,65,55,61,58,300,60.0,D
R0208,Rishabh Chauhan,65,62,60,59,63,309,61.8,D
R0209,Vaishnavi Trivedi,75,74,65,84,68,366,73.2,C
R0210,Aarav Reddy,80,75,59,78,88,380,76.0,C
R0211,Priya Pillai,84,85,81,97,87,434,86.8,B
R0212,Lakshmi Desai,66,54,67,67,65,319,63.8,D
R0213,Kabir Iyer,84,86,71,81,92,414,82.8,B
R0214,Yash Saxena,87,79,86,93,87,432,86.4,B
R0215,Ishaan Ghosh,87,74,76,96,100,433,86.6,B
R0216,Yash Desai,90,89,89,85,100,453,90.6,A
R0217,Nisha Trivedi,70,80,72,70,78,370,74.0,C
R0218,Sai Ghosh,70,74,73,84,69,370,74.0,C
R0219,Yash Gupta,83,75,85,77,76,396,79.2,C
R0220,Aarohi Bose,54,56,47,49,75,281,56.2,F
R0221,Anjali Bhatt,75,67,81,79,83,385,77.0,C
R0222,Mohit Rao,65,60,60,58,61,304,60.8,D
R0223,Riya Naidu,67,64,69,50,80,330,66.0,D
R0224,Varun Saxena,49,35,54,38,41,217,43.4,F
R0225,Rahul Kapoor,60,58,57,65,61,301,60.2,D
R0226,Neha Nair,72,60,61,80,75,348,69.6,D
R0227,Aniket Tiwari,84,74,88,91,86,423,84.6,B
R0228,Vihaan Saxena,85,69,75,90,81,400,80.0,B
R0229,Vaishnavi Das,71,55,63,63,95,347,69.4,D
R0230,Sneha Das,70,58,60,78,72,338,67.6,D
R0231,Harsh Pillai,61,64,67,73,69,334,66.8,D
R0232,Reyansh Pandey,77,86,75,74,82,394,78.8,C
R0233,Yash Trivedi,69,65,50,79,61,324,64.8,D
R0234,Aniket Bhatt,80,85,85,79,80,409,81.8,B
R0235,Rohan Mehta,95,89,100,99,100,483,96.6,A
R0236,Pranav Patel,72,53,85,77,84,371,74.2,C
R0237,Mohit Tiwari,53,50,47,43,55,248,49.6,F
R0238,Nisha Kumar,61,61,61,75,69,327,65.4,D
R0239,Kabir Naidu,53,46,56,48,55,258,51.6,F
R0240,Meera Jain,56,54,62,58,66,296,59.2,F
R0241,Sakshi Malhotra,89,90,88,87,74,428,85.6,B
R0242,Kabir Verma,75,64,65,81,85,370,74.0,C
R0243,Radha Chatterjee,52,36,57,58,52,255,51.0,F
R0244,Janvi Tiwari,80,74,84,82,80,400,80.0,B
R0245,Riya Iyer,88,82,76,100,70,416,83.2,B
R0246,Riya Malhotra,67,60,63,72,63,325,65.0,D
R0247,Lakshmi Gupta,63,67,64,62,73,329,65.8,D
R0248,Ayaan Tiwari,68,78,67,47,91,351,70.2,C
R0249,Pooja Sinha,76,69,79,76,75,375,75.0,C
R0250,Diya Malhotra,80,82,85,80,80,407,81.4,B
R0251,Yash Chopra,87,91,90,82,96,446,89.2,B
R0252,Nisha Shetty,88,90,86,83,95,442,88.4,B
R0253,Tejas Kumar,87,91,75,94,87,434,86.8,B
R0254,Divya Singh,90,83,94,100,94,461,92.2,A
R0255,Atharv Pillai,81,83,91,98,83,436,87.2,B
R0256,Sita Chatterjee,52,64,67,63,62,308,61.6,D
R0257,Riya Nair,70,72,69,67,81,359,71.8,C
R0258,Pranav Bose,76,67,75,80,95,393,78.6,C
R0259,Shreya Menon,67,68,77,58,79,349,69.8,D
R0260,Radha Joshi,84,90,94,92,94,454,90.8,A
R0261,Kabir Nair,67,66,69,72,73,347,69.4,D
R0262,Ayaan Bose,60,51,65,57,72,305,61.0,D
R0263,Vaishnavi Gupta,91,99,84,92,88,454,90.8,A
R0264,Ananya Gupta,81,67,85,81,100,414,82.8,B
R0265,Lakshmi Gupta,75,75,67,72,82,371,74.2,C
R0266,Kavya Nair,84,80,82,97,100,443,88.6,B
R0267,Tara Shah,86,72,84,100,85,427,85.4,B
R0268,Ishita Verma,76,82,71,85,89,403,80.6,B
R0269,Lakshmi Desai,40,39,35,51,48,213,42.6,F
R0270,Anjali Sinha,63,50,55,67,66,301,60.2,D
R0271,Mohit Kapoor,66,67,68,66,66,333,66.6,D
R0272,Sita Rao,59,52,57,79,57,304,60.8,D
R0273,Vivaan Banerjee,75,56,71,74,94,370,74.0,C
R0274,Aryan Bhatt,87,77,89,93,100,446,89.2,B
R0275,Radha Malhotra,66,64,70,67,72,339,67.8,D
R0276,Yash Pandey,57,58,63,64,64,306,61.2,D
R0277,Aniket Nair,98,95,90,100,97,480,96.0,A
R0278,Nisha Yadav,66,62,65,73,56,322,64.4,D
R0279,Arjun Ghosh,56,56,52,48,47,259,51.8,F
R0280,Aadhya Sinha,75,69,67,77,75,363,72.6,C
R0281,Sita Tiwari,78,83,65,91,82,399,79.8,C
R0282,Pranav Chopra,63,60,61,57,59,300,60.0,D
R0283,Ishita Reddy,82,80,74,79,93,408,81.6,B
R0284,Dhruv Bhat,66,66,82,79,75,368,73.6,C
R0285,Charvi Bose,60,48,58,66,66,298,59.6,F
R0286,Swara Rao,74,64,71,85,65,359,71.8,C
R0287,Siddharth Verma,82,90,78,66,85,401,80.2,B
R0288,Tara Shetty,64,63,78,68,69,342,68.4,D
R0289,Atharv Yadav,76,70,67,68,71,352,70.4,C
R0290,Kavya Bhatt,71,70,69,62,59,331,66.2,D
R0291,Saanvi Gupta,100,92,93,100,100,485,97.0,A
R0292,Sakshi Rao,63,61,61,75,73,333,66.6,D
R0293,Vihaan Ghosh,90,81,89,80,92,432,86.4,B
R0294,Aniket Saxena,71,69,79,64,89,372,74.4,C
R0295,Ishaan Pandey,70,53,58,68,84,333,66.6,D
R0296,Gaurav Rajput,81,88,80,82,90,421,84.2,B
R0297,Kavya Jain,84,76,96,76,91,423,84.6,B
R0298,Neha Sinha,88,71,83,100,99,441,88.2,B
R0299,Reyansh Ghosh,76,70,73,83,93,395,79.0,C
R0300,Aisha Malhotra,64,57,56,63,70,310,62.0,D
R0301,Yash Saxena,65,62,43,63,68,301,60.2,D
R0302,Ayaan Rao,79,66,77,100,89,411,82.2,B
R0303,Radha Bose,80,79,88,100,62,409,81.8,B
R0304,Riya Bose,90,100,85,88,96,459,91.8,A
R0305,Nikhil Pandey,77,63,61,82,79,362,72.4,C
R0306,Atharv Banerjee,86,85,87,98,91,447,89.4,B
R0307,Rohan Malhotra,92,86,91,85,96,450,90.0,A
R0308,Pranav Agarwal,74,72,81,72,82,381,76.2,C
R0309,Rishabh Patel,53,35,59,66,59,272,54.4,F
R0310,Pranav Sinha,57,44,54,54,63,272,54.4,F
R0311,Akash Shetty,53,53,55,52,57,270,54.0,F
R0312,Krishna Malhotra,93,89,77,84,100,443,88.6,B
R0313,Mahima Shetty,61,70,69,57,62,319,63.8,D
R0314,Vivaan Pandey,88,78,88,96,100,450,90.0,A
R0315,Shreya Malhotra,80,77,88,76,72,393,78.6,C
R0316,Vivaan Sinha,94,100,100,86,100,480,96.0,A
R0317,Rahul Shah,85,75,82,82,94,418,83.6,B
R0318,Harsh Malhotra,71,60,69,87,66,353,70.6,C
R0319,Neha Gupta,69,65,61,73,71,339,67.8,D
R0320,Vivaan Bose,73,69,55,71,89,357,71.4,C
R0321,Bhavna Rajput,74,77,72,77,78,378,75.6,C
R0322,Ishaan Gupta,65,62,65,71,63,326,65.2,D
R0323,Pranav Pandey,72,62,62,75,53,324,64.8,D
R0324,Vaishnavi Sinha,93,91,98,81,100,463,92.6,A
R0325,Manish Shah,50,67,50,55,56,278,55.6,F
R0326,Rahul Iyer,75,81,77,75,85,393,78.6,C
R0327,Sai Nair,60,35,53,69,81,298,59.6,F
R0328,Pooja Rajput,74,69,59,65,79,346,69.2,D
R0329,Krishna Iyer,83,72,88,94,89,426,85.2,B
R0330,Aryan Rao,71,72,75,69,71,358,71.6,C
R0331,Aadhya Naidu,82,77,80,70,87,396,79.2,C
R0332,Trisha Banerjee,51,62,46,64,56,279,55.8,F
R0333,Bhavna Bose,86,89,83,84,97,439,87.8,B
R0334,Sita Rao,64,67,62,69,73,335,67.0,D
R0335,Aniket Shah,80,77,75,81,79,392,78.4,C
R0336,Anjali Kumar,74,70,57,85,75,361,72.2,C
R0337,Lakshmi Bose,38,37,43,49,54,221,44.2,F
R0338,Rohan Reddy,62,68,49,73,59,311,62.2,D
R0339,Rahul Chatterjee,75,75,71,83,86,390,78.0,C
R0340,Kabir Patel,92,85,88,81,100,446,89.2,B
R0341,Krishna Desai,76,82,77,64,86,385,77.0,C
R0342,Varun Desai,75,73,61,79,82,370,74.0,C
R0343,Sai Pandey,54,49,63,48,70,284,56.8,F
R0344,Karthik Chatterjee,91,81,95,97,99,463,92.6,A
R0345,Ishita Reddy,95,86,100,98,100,479,95.8,A
R0346,Charvi Rajput,72,63,81,63,75,354,70.8,C
R0347,Tejas Bhatt,69,43,62,63,83,320,64.0,D
R0348,Rahul Shah,51,55,35,44,62,247,49.4,F
R0349,Nisha Singh,83,84,85,78,100,430,86.0,B
R0350,Vihaan Malhotra,100,94,100,100,100,494,98.8,A
R0351,Tara Singh,81,85,89,88,83,426,85.2,B
R0352,Ananya Iyer,88,88,83,100,90,449,89.8,B
R0353,Akash Patel,79,78,77,73,86,393,78.6,C
R0354,Janvi Bhat,59,35,60,56,58,268,53.6,F
R0355,Lakshmi Iyer,89,83,73,100,100,445,89.0,B
R0356,Aryan Rao,56,56,50,65,64,291,58.2,F
R0357,Priya Trivedi,69,78,63,73,66,349,69.8,D
R0358,Aisha Mukherjee,76,87,88,59,57,367,73.4,C
R0359,Charvi Rao,83,90,77,77,73,400,80.0,B
R0360,Kabir Tiwari,77,64,89,80,94,404,80.8,B
R0361,Sita Verma,77,55,76,74,82,364,72.8,C
R0362,Rahul Shetty,62,63,48,80,68,321,64.2,D
R0363,Shreya Joshi,55,51,72,58,57,293,58.6,F
R0364,Aarohi Bhat,73,77,64,77,81,372,74.4,C
R0365,Divya Saxena,63,58,67,56,53,297,59.4,F
R0366,Rishabh Shetty,55,53,68,49,44,269,53.8,F
R0367,Janvi Malhotra,56,40,51,53,48,248,49.6,F
R0368,Charvi Ghosh,66,66,55,63,72,322,64.4,D
R0369,Aryan Trivedi,48,40,55,48,59,250,50.0,F
R0370,Manish Rao,54,53,54,59,63,283,56.6,F
R0371,Rahul Gupta,51,51,40,55,55,252,50.4,F
R0372,Pranav Iyer,74,69,64,84,69,360,72.0,C
R0373,Aadhya Rajput,77,76,73,68,88,382,76.4,C
R0374,Trisha Jain,98,94,100,100,100,492,98.4,A
R0375,Karthik Singh,53,55,50,57,58,273,54.6,F
R0376,Pooja Chauhan,63,63,67,78,67,338,67.6,D
R0377,Aarohi Kumar,84,76,96,84,85,425,85.0,B
R0378,Tara Bhat,69,60,78,74,68,349,69.8,D
R0379,Sai Mukherjee,68,78,79,63,68,356,71.2,C
R0380,Aadhya Shah,94,89,100,99,89,471,94.2,A
R0381,Neha Patel,68,72,54,73,75,342,68.4,D
R0382,Anjali Desai,57,56,66,54,61,294,58.8,F
R0383,Pranav Menon,55,46,57,53,68,279,55.8,F
R0384,Janvi Reddy,76,66,74,78,66,360,72.0,C
R0385,Ananya Singh,76,73,66,83,90,388,77.6,C
R0386,Vaishnavi Chatterjee,54,52,40,47,58,251,50.2,F
R0387,Sita Bhatt,59,60,49,68,63,299,59.8,F
R0388,Krishna Bose,79,65,78,78,78,378,75.6,C
R0389,Neha Sinha,80,71,70,97,78,396,79.2,C
R0390,Janvi Bose,64,59,56,78,57,314,62.8,D
R0391,Lakshmi Pandey,80,89,74,79,92,414,82.8,B
R0392,Tejas Sinha,79,56,83,76,82,376,75.2,C
R0393,Divya Mishra,49,49,46,71,60,275,55.0,F
R0394,Mahima Yadav,68,60,66,75,80,349,69.8,D
R0395,Pranav Desai,77,76,87,84,78,402,80.4,B
R0396,Nikhil Mehta,65,57,61,64,68,315,63.0,D
R0397,Arjun Bose,44,43,48,45,46,226,45.2,F
R0398,Neha Mehta,68,77,59,76,81,361,72.2,C
R0399,Varun Shah,82,81,84,89,88,424,84.8,B
R0400,Lakshmi Menon,93,92,93,88,99,465,93.0,A
R0401,Mahima Pillai,44,43,44,56,55,242,48.4,F
R0402,Lakshmi Jain,100,90,95,100,100,485,97.0,A
R0403,Riya Mehta,57,57,48,51,78,291,58.2,F
R0404,Tejas Bhat,84,78,81,94,82,419,83.8,B
R0405,Siddharth Nair,88,78,83,89,100,438,87.6,B
R0406,Aryan Chauhan,85,81,92,93,100,451,90.2,A
R0407,Manish Menon,74,68,80,72,70,364,72.8,C
R0408,Sai Das,57,59,46,62,69,293,58.6,F
R0409,Krishna Joshi,80,76,84,69,87,396,79.2,C
R0410,Riya Das,63,55,58,68,75,319,63.8,D
R0411,Aniket Pandey,39,47,42,35,35,198,39.6,F
R0412,Swara Saxena,100,100,95,100,100,495,99.0,A
R0413,Aarohi Chauhan,81,87,68,62,78,376,75.2,C
R0414,Dhruv Banerjee,96,97,100,97,98,488,97.6,A
R0415,Dhruv Agarwal,60,55,63,68,76,322,64.4,D
R0416,Aarav Mishra,91,84,80,97,95,447,89.4,B
R0417,Karthik Sinha,93,87,77,100,80,437,87.4,B
R0418,Ishita Pillai,92,96,87,85,86,446,89.2,B
R0419,Aniket Tiwari,72,69,62,87,68,358,71.6,C
R0420,Akash Kumar,56,40,52,71,69,288,57.6,F
R0421,Aditya Naidu,70,66,74,62,69,341,68.2,D
R0422,Diya Bose,43,35,54,39,36,207,41.4,F
R0423,Ishaan Reddy,50,47,46,47,64,254,50.8,F
R0424,Tara Yadav,73,59,83,75,80,370,74.0,C
R0425,Neha Sharma,59,45,67,62,67,300,60.0,D
R0426,Nisha Chauhan,70,67,66,52,69,324,64.8,D
R0427,Anjali Chatterjee,71,66,57,78,87,359,71.8,C
R0428,Rishabh Agarwal,97,80,100,97,100,474,94.8,A
R0429,Vihaan Pandey,89,91,93,83,78,434,86.8,B
R0430,Aadhya Bhat,71,84,89,81,67,392,78.4,C
R0431,Bhavna Yadav,88,72,98,87,86,431,86.2,B
R0432,Trisha Nair,62,73,67,73,66,341,68.2,D
R0433,Trisha Naidu,68,58,81,74,79,360,72.0,C
R0434,Gaurav Naidu,84,76,75,83,83,401,80.2,B
R0435,Aditya Jain,56,51,57,67,56,287,57.4,F
R0436,Meera Patel,68,52,65,76,91,352,70.4,C
R0437,Vaishnavi Chatterjee,55,61,68,53,61,298,59.6,F
R0438,Ishaan Saxena,74,74,78,63,75,364,72.8,C
R0439,Arjun Naidu,93,83,68,91,98,433,86.6,B
R0440,Anjali Reddy,62,56,72,69,57,316,63.2,D
R0441,Neha Menon,75,59,67,75,84,360,72.0,C
R0442,Nikhil Kumar,60,53,65,76,73,327,65.4,D
R0443,Aarav Rao,57,60,52,61,57,287,57.4,F
R0444,Tejas Bhatt,56,38,57,60,69,280,56.0,F
R0445,Ananya Rao,91,84,95,96,94,460,92.0,A
R0446,Tara Chatterjee,100,97,100,95,100,492,98.4,A
R0447,Lakshmi Bose,78,82,69,79,77,385,77.0,C
R0448,Bhavna Pandey,63,70,73,60,62,328,65.6,D
R0449,Krishna Naidu,81,73,83,64,74,375,75.0,C
R0450,Akash Das,68,58,67,56,75,324,64.8,D
R0451,Kabir Chatterjee,82,82,87,90,85,426,85.2,B
R0452,Aarohi Kapoor,76,69,71,74,79,369,73.8,C
R0453,Aditya Das,76,70,90,77,72,385,77.0,C
R0454,Manish Mishra,80,85,81,70,76,392,78.4,C
R0455,Nisha Saxena,64,74,66,61,64,329,65.8,D
R0456,Akash Agarwal,67,65,69,75,76,352,70.4,C
R0457,Krishna Naidu,50,44,42,53,57,246,49.2,F
R0458,Tejas Malhotra,66,67,56,64,66,319,63.8,D
R0459,Aryan Yadav,54,35,55,68,61,273,54.6,F
R0460,Bhavna Malhotra,70,66,72,71,89,368,73.6,C
R0461,Akash Chatterjee,60,48,70,59,66,303,60.6,D
R0462,Arjun Bose,73,88,76,84,94,415,83.0,B
R0463,Radha Bhat,78,80,68,66,86,378,75.6,C
R0464,Vihaan Pillai,54,51,57,60,70,292,58.4,F
R0465,Kabir Sinha,61,55,67,54,62,299,59.8,F
R0466,Swara Malhotra,60,36,67,56,74,293,58.6,F
R0467,Manish Sinha,82,84,84,78,78,406,81.2,B
R0468,Reyansh Ghosh,94,100,83,97,100,474,94.8,A
R0469,Trisha Banerjee,83,73,91,86,85,418,83.6,B
R0470,Anjali Pandey,67,68,60,71,56,322,64.4,D
R0471,Sakshi Patel,91,93,95,95,85,459,91.8,A
R0472,Divya Malhotra,52,36,39,65,66,258,51.6,F
R0473,Sita Trivedi,91,94,96,100,100,481,96.2,A
R0474,Tejas Menon,63,70,56,71,78,338,67.6,D
R0475,Mohit Naidu,36,35,44,44,43,202,40.4,F
R0476,Aarohi Tiwari,100,95,100,99,82,476,95.2,A
R0477,Anjali Mishra,93,95,100,86,100,474,94.8,A
R0478,Rahul Menon,59,43,49,66,59,276,55.2,F
R0479,Manish Agarwal,74,71,66,76,75,362,72.4,C
R0480,Krishna Rao,69,73,61,78,70,351,70.2,C
R0481,Pranav Joshi,73,59,77,60,72,341,68.2,D
R0482,Kavya Joshi,53,57,55,77,50,292,58.4,F
R0483,Karthik Banerjee,63,56,63,55,78,315,63.0,D
R0484,Priya Rajput,78,57,80,80,87,382,76.4,C
R0485,Ananya Chopra,75,70,79,85,75,384,76.8,C
R0486,Nikhil Banerjee,88,76,92,79,90,425,85.0,B
R0487,Bhavna Chopra,73,72,86,71,86,388,77.6,C
R0488,Karthik Menon,100,87,99,86,100,472,94.4,A
R0489,Shreya Jain,63,67,64,53,70,317,63.4,D
R0490,Siddharth Bhatt,75,65,59,61,70,330,66.0,D
R0491,Sita Malhotra,47,46,36,50,48,227,45.4,F
R0492,Pranav Verma,56,47,50,60,52,265,53.0,F
R0493,Nikhil Bhatt,89,82,79,88,79,417,83.4,B
R0494,Yash Mukherjee,60,66,61,72,72,331,66.2,D
R0495,Charvi Mishra,79,77,86,92,81,415,83.0,B
R0496,Ishaan Reddy,71,64,67,73,73,348,69.6,D
R0497,Dhruv Trivedi,58,44,53,58,55,268,53.6,F
R0498,Dhruv Desai,67,72,62,67,78,346,69.2,D
R0499,Aadhya Mukherjee,65,67,65,63,87,347,69.4,D
R0500,Arjun Rao,66,59,61,79,76,341,68.2,D
R0501,Janvi Agarwal,82,80,84,86,94,426,85.2,B
R0502,Siddharth Sinha,80,68,81,79,75,383,76.6,C
R0503,Aniket Sinha,64,52,66,64,70,316,63.2,D
R0504,Kabir Chatterjee,60,49,65,66,67,307,61.4,D
R0505,Swara Bose,76,75,75,75,93,394,78.8,C
R0506,Pooja Chatterjee,71,69,71,76,76,363,72.6,C
R0507,Aarohi Chopra,85,75,98,87,82,427,85.4,B
R0508,Nisha Shetty,100,100,99,100,100,499,99.8,A
R0509,Yash Kumar,83,85,88,94,84,434,86.8,B
R0510,Diya Desai,72,69,71,63,88,363,72.6,C
R0511,Diya Pandey,70,74,65,71,80,360,72.0,C
R0512,Swara Bose,61,55,56,69,69,310,62.0,D
R0513,Ananya Reddy,60,55,52,58,66,291,58.2,F
R0514,Aryan Yadav,59,59,58,68,71,315,63.0,D
R0515,Riya Das,67,63,61,72,68,331,66.2,D
R0516,Mohit Banerjee,66,68,62,73,64,333,66.6,D
R0517,Karthik Reddy,82,68,91,84,72,397,79.4,C
R0518,Rohan Mishra,67,74,65,71,81,358,71.6,C
R0519,Priya Singh,69,59,77,75,78,358,71.6,C
R0520,Harsh Saxena,56,51,57,46,66,276,55.2,F
R0521,Manish Malhotra,93,78,99,88,98,456,91.2,A
R0522,Siddharth Saxena,79,80,73,73,97,402,80.4,B
R0523,Sakshi Verma,95,100,95,100,92,482,96.4,A
R0524,Tejas Mukherjee,82,87,100,86,97,452,90.4,A
R0525,Ayaan Bhat,91,94,97,96,89,467,93.4,A
R0526,Sakshi Saxena,69,53,76,72,70,340,68.0,D
R0527,Kabir Kumar,81,71,82,79,76,389,77.8,C
R0528,Arjun Chauhan,100,92,100,96,100,488,97.6,A
R0529,Pranav Joshi,56,45,46,65,59,271,54.2,F
R0530,Sita Desai,87,92,79,86,95,439,87.8,B
R0531,Dhruv Verma,94,91,96,100,94,475,95.0,A
R0532,Varun Reddy,77,73,83,81,71,385,77.0,C
R0533,Kavya Agarwal,82,82,78,85,91,418,83.6,B
R0534,Mahima Bose,89,77,86,89,100,441,88.2,B
R0535,Varun Pandey,63,52,59,64,74,312,62.4,D
R0536,Swara Rao,77,66,74,79,81,377,75.4,C
R0537,Kabir Gupta,60,60,49,74,68,311,62.2,D
R0538,Aditya Desai,63,62,50,84,54,313,62.6,D
R0539,Neha Bose,64,65,62,57,66,314,62.8,D
R0540,Manish Mukherjee,70,75,55,74,84,358,71.6,C
R0541,Shreya Shah,74,59,65,82,83,363,72.6,C
R0542,Siddharth Tiwari,78,70,72,73,76,369,73.8,C
R0543,Riya Kapoor,53,50,43,50,65,261,52.2,F
R0544,Swara Bose,98,83,99,96,100,476,95.2,A
R0545,Varun Bose,87,79,82,70,98,416,83.2,B
R0546,Vihaan Pillai,82,86,80,89,76,413,82.6,B
R0547,Dhruv Verma,67,72,58,69,68,334,66.8,D
R0548,Vaishnavi Banerjee,71,76,64,72,78,361,72.2,C
R0549,Arjun Mukherjee,79,75,82,82,86,404,80.8,B
R0550,Arjun Gupta,77,71,79,81,86,394,78.8,C
R0551,Varun Banerjee,50,55,45,71,55,276,55.2,F
R0552,Dhruv Saxena,82,75,84,86,85,412,82.4,B
R0553,Mohit Gupta,100,99,100,100,100,499,99.8,A
R0554,Aarohi Gupta,47,54,47,45,59,252,50.4,F
R0555,Harsh Mehta,85,78,97,90,78,428,85.6,B
R0556,Charvi Joshi,77,68,73,77,79,374,74.8,C
R0557,Radha Chauhan,71,67,73,72,74,357,71.4,C
R0558,Dhruv Patel,90,91,92,85,96,454,90.8,A
R0559,Aarav Rao,56,56,53,52,69,286,57.2,F
R0560,Gaurav Mehta,74,71,63,80,68,356,71.2,C
R0561,Trisha Chatterjee,92,92,96,100,100,480,96.0,A
R0562,Lakshmi Sharma,69,52,70,75,60,326,65.2,D
R0563,Ishaan Chatterjee,66,55,65,63,65,314,62.8,D
R0564,Kabir Mehta,74,71,73,79,75,372,74.4,C
R0565,Vivaan Verma,66,55,65,48,69,303,60.6,D
R0566,Anjali Ghosh,93,78,85,100,93,449,89.8,B
R0567,Ananya Rao,60,46,61,62,61,290,58.0,F
R0568,Sai Kapoor,84,73,68,88,86,399,79.8,C
R0569,Rohan Agarwal,55,50,53,66,58,282,56.4,F
R0570,Aarohi Agarwal,81,69,68,80,71,369,73.8,C
R0571,Rishabh Das,71,69,67,81,65,353,70.6,C
R0572,Pooja Mehta,37,47,41,36,38,199,39.8,F
R0573,Aisha Shah,72,67,69,79,81,368,73.6,C
R0574,Atharv Bhatt,58,64,53,57,71,303,60.6,D
R0575,Riya Tiwari,66,64,69,71,94,364,72.8,C
R0576,Nikhil Patel,93,80,89,100,99,461,92.2,A
R0577,Vivaan Tiwari,57,51,52,54,56,270,54.0,F
R0578,Mahima Kapoor,58,46,53,55,64,276,55.2,F
R0579,Harsh Bose,91,93,100,91,100,475,95.0,A
R0580,Charvi Kumar,74,61,78,79,80,372,74.4,C
R0581,Krishna Chauhan,93,100,95,100,89,477,95.4,A
R0582,Aditya Bhatt,76,77,65,74,80,372,74.4,C
R0583,Rohan Iyer,60,40,64,46,65,275,55.0,F
R0584,Siddharth Desai,71,73,59,68,65,336,67.2,D
R0585,Nikhil Patel,88,96,90,77,83,434,86.8,B
R0586,Sita Sinha,85,75,75,83,99,417,83.4,B
R0587,Pooja Shah,72,76,86,74,59,367,73.4,C
R0588,Charvi Rajput,73,55,58,68,79,333,66.6,D
R0589,Manish Kapoor,70,68,78,67,73,356,71.2,C
R0590,Anjali Tiwari,64,47,69,51,80,311,62.2,D
R0591,Neha Mishra,98,98,82,100,100,478,95.6,A
R0592,Varun Naidu,72,54,69,68,70,333,66.6,D
R0593,Ayaan Chauhan,57,35,67,68,72,299,59.8,F
R0594,Sakshi Kapoor,66,65,74,77,66,348,69.6,D
R0595,Shreya Pillai,82,96,67,77,100,422,84.4,B
R0596,Manish Bhat,81,72,75,80,99,407,81.4,B
R0597,Rahul Sharma,70,73,59,73,74,349,69.8,D
R0598,Varun Pandey,63,60,53,71,74,321,64.2,D
R0599,Rahul Mishra,72,65,65,61,78,341,68.2,D
R0600,Riya Agarwal,50,51,63,52,48,264,52.8,F
R0601,Ishita Trivedi,55,64,55,72,68,314,62.8,D
R0602,Trisha Bose,83,69,80,85,91,408,81.6,B
R0603,Reyansh Pillai,66,67,62,70,78,343,68.6,D
R0604,Diya Nair,77,76,81,79,90,403,80.6,B
R0605,Akash Gupta,88,73,92,81,100,434,86.8,B
R0606,Saanvi Rao,81,90,72,91,94,428,85.6,B
R0607,Siddharth Desai,72,84,82,76,76,390,78.0,C
R0608,Mahima Banerjee,100,88,90,100,100,478,95.6,A
R0609,Saanvi Jain,81,91,77,89,89,427,85.4,B
R0610,Aarav Joshi,67,63,69,76,71,346,69.2,D
R0611,Akash Bhatt,82,77,94,69,85,407,81.4,B
R0612,Ishita Mishra,77,85,73,83,97,415,83.0,B
R0613,Manish Trivedi,61,59,62,59,70,311,62.2,D
R0614,Ayaan Agarwal,73,72,82,77,93,397,79.4,C
R0615,Harsh Sharma,70,78,73,67,69,357,71.4,C
R0616,Reyansh Ghosh,46,52,53,41,51,243,48.6,F
R0617,Charvi Singh,70,73,77,80,72,372,74.4,C
R0618,Arjun Gupta,68,53,69,70,70,330,66.0,D
R0619,Vihaan Ghosh,66,49,70,66,69,320,64.0,D
R0620,Aditya Mishra,50,55,56,50,54,265,53.0,F
R0621,Neha Kumar,67,56,65,70,69,327,65.4,D
R0622,Dhruv Verma,71,68,82,73,90,384,76.8,C
R0623,Anjali Jain,73,60,56,56,83,328,65.6,D
R0624,Anjali Verma,57,52,48,52,56,265,53.0,F
R0625,Divya Pandey,80,66,90,81,81,398,79.6,C
R0626,Akash Gupta,56,65,58,64,67,310,62.0,D
R0627,Yash Das,69,57,62,82,78,348,69.6,D
R0628,Ananya Iyer,89,84,91,84,89,437,87.4,B
R0629,Vaishnavi Bhat,63,57,70,81,75,346,69.2,D
R0630,Pranav Patel,65,71,59,68,59,322,64.4,D
R0631,Priya Naidu,86,71,91,92,87,427,85.4,B
R0632,Kabir Sinha,67,63,65,65,86,346,69.2,D
R0633,Ananya Nair,68,62,66,66,52,314,62.8,D
R0634,Ayaan Verma,75,75,73,89,78,390,78.0,C
R0635,Tara Bose,86,86,93,87,99,451,90.2,A
R0636,Aarohi Kapoor,43,35,35,45,47,205,41.0,F
R0637,Vaishnavi Desai,61,59,57,73,60,310,62.0,D
R0638,Priya Saxena,59,52,63,75,57,306,61.2,D
R0639,Manish Chatterjee,58,58,47,49,47,259,51.8,F
R0640,Divya Trivedi,61,56,47,62,55,281,56.2,F
R0641,Bhavna Joshi,61,52,64,64,67,308,61.6,D
R0642,Ishita Bose,76,72,75,93,76,392,78.4,C
R0643,Charvi Saxena,60,59,57,82,65,323,64.6,D
R0644,Atharv Yadav,74,88,74,76,78,390,78.0,C
R0645,Aryan Malhotra,77,69,68,83,84,381,76.2,C
R0646,Mohit Pandey,62,60,84,72,54,332,66.4,D
R0647,Aryan Mishra,74,82,65,86,77,384,76.8,C
R0648,Rohan Malhotra,94,73,89,94,96,446,89.2,B
R0649,Ishaan Patel,76,58,63,86,79,362,72.4,C
R0650,Nikhil Chauhan,64,50,59,61,62,296,59.2,F
R0651,Saanvi Pandey,71,66,82,52,59,330,66.0,D
R0652,Dhruv Kumar,60,76,59,52,70,317,63.4,D
R0653,Vaishnavi Yadav,76,75,79,80,87,397,79.4,C
R0654,Mohit Joshi,83,89,78,92,100,442,88.4,B
R0655,Sita Chatterjee,61,55,74,46,72,308,61.6,D
R0656,Vihaan Trivedi,69,45,69,57,87,327,65.4,D
R0657,Akash Banerjee,87,64,76,90,97,414,82.8,B
R0658,Manish Joshi,65,69,70,41,67,312,62.4,D
R0659,Aisha Desai,74,71,70,81,83,379,75.8,C
R0660,Ananya Nair,58,44,61,69,54,286,57.2,F
R0661,Lakshmi Kumar,61,66,61,40,68,296,59.2,F
R0662,Aisha Verma,65,49,66,74,69,323,64.6,D
R0663,Ayaan Mehta,100,100,100,100,97,497,99.4,A
R0664,Divya Reddy,67,75,58,81,82,363,72.6,C
R0665,Neha Chatterjee,65,55,51,70,79,320,64.0,D
R0666,Aniket Kumar,65,52,71,66,74,328,65.6,D
R0667,Harsh Yadav,70,73,67,74,81,365,73.0,C
R0668,Sakshi Shah,81,68,82,92,99,422,84.4,B
R0669,Meera Verma,74,77,69,79,78,377,75.4,C
R0670,Arjun Naidu,99,85,81,100,93,458,91.6,A
R0671,Saanvi Bhat,75,77,63,66,72,353,70.6,C
R0672,Diya Nair,91,88,100,98,100,477,95.4,A
R0673,Varun Iyer,76,69,68,79,83,375,75.0,C
R0674,Sita Bhatt,80,69,75,98,73,395,79.0,C
R0675,Aarohi Chatterjee,53,51,40,56,68,268,53.6,F
R0676,Swara Das,70,51,64,72,77,334,66.8,D
R0677,Pranav Reddy,71,65,67,69,89,361,72.2,C
R0678,Lakshmi Menon,69,62,66,78,83,358,71.6,C
R0679,Sai Trivedi,44,45,42,45,46,222,44.4,F
R0680,Trisha Trivedi,83,69,76,80,89,397,79.4,C
R0681,Aarav Sharma,67,77,61,83,66,354,70.8,C
R0682,Mohit Bhat,66,60,64,83,64,337,67.4,D
R0683,Karthik Chopra,69,56,70,69,72,336,67.2,D
R0684,Saanvi Bose,69,76,66,64,78,353,70.6,C
R0685,Anjali Reddy,77,86,89,89,93,434,86.8,B
R0686,Manish Verma,55,49,55,51,53,263,52.6,F
R0687,Tejas Das,60,49,60,86,71,326,65.2,D
R0688,Akash Chatterjee,76,72,69,78,81,376,75.2,C
R0689,Mahima Chatterjee,74,64,81,85,77,381,76.2,C
R0690,Anjali Chauhan,67,61,57,60,81,326,65.2,D
R0691,Mahima Desai,65,73,51,68,67,324,64.8,D
R0692,Gaurav Patel,61,60,52,73,77,323,64.6,D
R0693,Tara Malhotra,71,68,74,78,74,365,73.0,C
R0694,Aarav Mehta,87,86,76,86,85,420,84.0,B
R0695,Aryan Nair,58,54,67,81,69,329,65.8,D
R0696,Arjun Naidu,92,95,90,100,86,463,92.6,A
R0697,Karthik Chauhan,83,86,69,84,79,401,80.2,B
R0698,Priya Menon,66,59,63,64,70,322,64.4,D
R0699,Diya Saxena,82,79,95,83,87,426,85.2,B
R0700,Shreya Desai,53,68,45,67,56,289,57.8,F
R0701,Aisha Naidu,49,48,37,46,39,219,43.8,F
R0702,Sneha Bose,55,50,58,58,50,271,54.2,F
R0703,Anjali Menon,67,79,76,64,76,362,72.4,C
R0704,Arjun Das,68,64,75,81,78,366,73.2,C
R0705,Mahima Naidu,65,52,61,67,62,307,61.4,D
R0706,Sai Rao,73,74,73,83,80,383,76.6,C
R0707,Aniket Menon,44,35,45,52,51,227,45.4,F
R0708,Shreya Mukherjee,78,70,86,77,91,402,80.4,B
R0709,Aryan Mehta,54,53,70,63,53,293,58.6,F
R0710,Aadhya Kapoor,63,58,61,74,80,336,67.2,D
R0711,Radha Das,67,57,76,61,70,331,66.2,D
R0712,Priya Gupta,57,49,53,66,74,299,59.8,F
R0713,Aarohi Shetty,54,45,57,86,67,309,61.8,D
R0714,Lakshmi Yadav,59,64,50,60,56,289,57.8,F
R0715,Yash Agarwal,72,62,64,80,75,353,70.6,C
R0716,Gaurav Verma,80,71,82,73,88,394,78.8,C
R0717,Shreya Chopra,79,91,70,86,92,418,83.6,B
R0718,Sneha Shetty,59,51,65,58,53,286,57.2,F
R0719,Gaurav Mishra,62,70,56,71,63,322,64.4,D
R0720,Aryan Naidu,60,67,59,63,70,319,63.8,D
R0721,Rohan Iyer,78,73,76,72,87,386,77.2,C
R0722,Aarohi Das,46,35,42,58,43,224,44.8,F
R0723,Pooja Shah,88,88,87,90,86,439,87.8,B
R0724,Aisha Iyer,66,67,73,61,75,342,68.4,D
R0725,Varun Singh,62,66,85,66,59,338,67.6,D
R0726,Ishita Mehta,76,73,65,71,83,368,73.6,C
R0727,Aisha Sinha,85,91,86,91,98,451,90.2,A
R0728,Aryan Shah,76,83,73,79,81,392,78.4,C
R0729,Divya Patel,86,74,77,86,70,393,78.6,C
R0730,Aadhya Pillai,74,81,75,83,89,402,80.4,B
R0731,Sneha Rao,88,85,79,81,100,433,86.6,B
R0732,Mohit Chatterjee,88,79,86,99,100,452,90.4,A
R0733,Mohit Shah,71,64,79,58,83,355,71.0,C
R0734,Charvi Reddy,91,100,73,100,83,447,89.4,B
R0735,Neha Mehta,74,78,74,79,91,396,79.2,C
R0736,Kabir Mukherjee,73,55,75,74,81,358,71.6,C
R0737,Mahima Bhat,60,57,51,57,73,298,59.6,F
R0738,Riya Yadav,68,63,71,76,72,350,70.0,C
R0739,Rishabh Banerjee,82,77,83,84,85,411,82.2,B
R0740,Sneha Gupta,55,47,51,57,58,268,53.6,F
R0741,Radha Chopra,80,64,88,92,98,422,84.4,B
R0742,Riya Rajput,77,80,65,77,84,383,76.6,C
R0743,Anjali Bose,76,64,80,77,80,377,75.4,C
R0744,Swara Iyer,43,36,40,50,38,207,41.4,F
R0745,Sai Das,71,62,61,83,80,357,71.4,C
R0746,Rahul Desai,80,70,77,82,85,394,78.8,C
R0747,Radha Ghosh,62,64,58,67,69,320,64.0,D
R0748,Rahul Sharma,73,72,78,77,86,386,77.2,C
R0749,Rishabh Trivedi,41,35,35,50,52,213,42.6,F
R0750,Aadhya Mehta,81,69,78,96,86,410,82.0,B
R0751,Rishabh Chatterjee,63,55,58,59,70,305,61.0,D
R0752,Aisha Tiwari,83,87,94,85,89,438,87.6,B
R0753,Karthik Bhat,48,45,37,51,59,240,48.0,F
R0754,Mohit Mehta,81,79,88,89,92,429,85.8,B
R0755,Mohit Gupta,69,62,53,84,75,343,68.6,D
R0756,Ayaan Joshi,82,76,83,85,80,406,81.2,B
R0757,Mahima Reddy,60,58,57,65,72,312,62.4,D
R0758,Sita Kumar,64,45,65,76,76,326,65.2,D
R0759,Charvi Gupta,100,100,93,93,97,483,96.6,A
R0760,Aisha Chatterjee,61,51,44,58,69,283,56.6,F
R0761,Dhruv Chopra,63,54,49,63,65,294,58.8,F
R0762,Gaurav Menon,68,75,77,71,56,347,69.4,D
R0763,Tara Joshi,59,57,59,64,64,303,60.6,D
R0764,Manish Patel,87,83,78,86,100,434,86.8,B
R0765,Rahul Pillai,94,85,100,100,93,472,94.4,A
R0766,Swara Bose,63,47,55,61,63,289,57.8,F
R0767,Shreya Verma,50,47,42,52,63,254,50.8,F
R0768,Atharv Agarwal,87,93,76,99,83,438,87.6,B
R0769,Akash Bose,86,75,94,95,84,434,86.8,B
R0770,Sita Agarwal,83,90,97,86,86,442,88.4,B
R0771,Atharv Bhatt,87,74,78,93,97,429,85.8,B
R0772,Aadhya Shah,61,51,62,71,71,316,63.2,D
R0773,Varun Desai,70,70,76,73,71,360,72.0,C
R0774,Vihaan Yadav,54,50,69,62,57,292,58.4,F
R0775,Mohit Verma,54,56,35,50,60,255,51.0,F
R0776,Sai Gupta,85,75,84,89,87,420,84.0,B
R0777,Mahima Banerjee,63,51,66,53,61,294,58.8,F
R0778,Yash Kapoor,100,81,86,96,96,459,91.8,A
R0779,Neha Jain,73,59,75,67,84,358,71.6,C
R0780,Pooja Gupta,64,51,64,77,67,323,64.6,D
R0781,Akash Pandey,82,67,86,81,100,416,83.2,B
R0782,Aarohi Mukherjee,95,93,89,100,100,477,95.4,A
R0783,Sita Gupta,78,69,80,74,77,378,75.6,C
R0784,Pranav Chauhan,56,36,49,57,61,259,51.8,F
R0785,Ayaan Mishra,77,93,80,78,85,413,82.6,B
R0786,Atharv Gupta,90,79,90,86,98,443,88.6,B
R0787,Kabir Shah,66,52,61,76,75,330,66.0,D
R0788,Mahima Iyer,62,68,49,52,71,302,60.4,D
R0789,Divya Nair,85,90,96,93,89,453,90.6,A
R0790,Aarohi Pillai,74,61,81,99,84,399,79.8,C
R0791,Aditya Jain,58,42,63,54,81,298,59.6,F
R0792,Bhavna Patel,67,55,60,70,69,321,64.2,D
R0793,Varun Shah,62,67,57,52,64,302,60.4,D
R0794,Harsh Kapoor,76,70,88,79,87,400,80.0,B
R0795,Radha Reddy,73,63,77,62,88,363,72.6,C
R0796,Mohit Naidu,87,83,78,95,99,442,88.4,B
R0797,Bhavna Chatterjee,81,87,80,80,96,424,84.8,B
R0798,Lakshmi Naidu,52,37,51,40,57,237,47.4,F
R0799,Akash Yadav,77,70,74,69,80,370,74.0,C
R0800,Lakshmi Mishra,84,69,75,74,94,396,79.2,C
R0801,Meera Rajput,78,91,86,79,89,423,84.6,B
R0802,Aisha Mehta,85,96,88,95,100,464,92.8,A
R0803,Bhavna Das,65,69,62,65,83,344,68.8,D
R0804,Manish Agarwal,60,55,46,53,51,265,53.0,F
R0805,Nisha Ghosh,84,85,78,80,95,422,84.4,B
R0806,Divya Bhatt,58,37,56,62,58,271,54.2,F
R0807,Arjun Rajput,44,42,49,35,35,205,41.0,F
R0808,Mohit Verma,85,70,80,92,93,420,84.0,B
R0809,Atharv Chatterjee,63,48,70,69,67,317,63.4,D
R0810,Yash Jain,68,58,67,51,70,314,62.8,D
R0811,Mohit Jain,54,47,46,66,49,262,52.4,F
R0812,Pooja Chopra,55,56,35,44,52,242,48.4,F
R0813,Gaurav Jain,57,59,46,58,60,280,56.0,F
R0814,Nisha Agarwal,67,65,53,79,60,324,64.8,D
R0815,Tara Chopra,77,65,74,66,81,363,72.6,C
R0816,Dhruv Bose,42,43,43,35,48,211,42.2,F
R0817,Reyansh Chatterjee,82,77,91,75,86,411,82.2,B
R0818,Gaurav Banerjee,57,62,55,51,64,289,57.8,F
R0819,Atharv Malhotra,58,47,47,59,63,274,54.8,F
R0820,Ishaan Banerjee,81,55,98,79,77,390,78.0,C
R0821,Tara Gupta,71,63,72,69,68,343,68.6,D
R0822,Kabir Reddy,52,65,48,50,58,273,54.6,F
R0823,Aarohi Bose,96,96,92,97,100,481,96.2,A
R0824,Aditya Naidu,61,55,49,56,67,288,57.6,F
R0825,Rishabh Tiwari,75,78,78,80,76,387,77.4,C
R0826,Manish Das,75,75,76,77,81,384,76.8,C
R0827,Ananya Singh,90,90,100,84,81,445,89.0,B
R0828,Ananya Singh,66,58,73,83,63,343,68.6,D
R0829,Ananya Joshi,85,82,90,77,87,421,84.2,B
R0830,Akash Desai,62,60,71,70,67,330,66.0,D
R0831,Diya Bose,87,78,83,83,89,420,84.0,B
R0832,Sneha Chopra,62,49,57,67,65,300,60.0,D
R0833,Mohit Desai,67,64,65,74,63,333,66.6,D
R0834,Yash Saxena,97,100,85,100,97,479,95.8,A
R0835,Shreya Rao,76,77,73,90,83,399,79.8,C
R0836,Rahul Iyer,73,73,69,69,63,347,69.4,D
R0837,Janvi Mishra,100,100,100,100,95,495,99.0,A
R0838,Kabir Bose,77,94,75,83,79,408,81.6,B
R0839,Yash Joshi,61,59,44,57,78,299,59.8,F
R0840,Mohit Saxena,82,86,81,73,92,414,82.8,B
R0841,Nisha Patel,57,69,67,79,74,346,69.2,D
R0842,Tara Agarwal,87,83,71,100,100,441,88.2,B
R0843,Vaishnavi Menon,88,86,80,90,89,433,86.6,B
R0844,Charvi Verma,65,69,64,74,69,341,68.2,D
R0845,Nisha Pillai,64,74,52,77,60,327,65.4,D
R0846,Sita Kapoor,74,73,68,77,88,380,76.0,C
R0847,Anjali Menon,72,71,71,71,83,368,73.6,C
R0848,Anjali Mehta,59,56,47,61,69,292,58.4,F
R0849,Dhruv Pandey,79,65,80,88,89,401,80.2,B
R0850,Ayaan Nair,45,50,47,48,54,244,48.8,F
R0851,Saanvi Chauhan,66,60,54,59,73,312,62.4,D
R0852,Yash Kumar,67,49,66,76,74,332,66.4,D
R0853,Ishita Verma,68,63,75,56,83,345,69.0,D
R0854,Shreya Kumar,76,58,73,72,75,354,70.8,C
R0855,Ayaan Rajput,56,44,58,69,53,280,56.0,F
R0856,Riya Joshi,80,76,84,85,85,410,82.0,B
R0857,Aniket Kapoor,70,59,67,75,84,355,71.0,C
R0858,Aditya Rajput,64,69,71,67,71,342,68.4,D
R0859,Rishabh Chauhan,54,38,56,65,57,270,54.0,F
R0860,Neha Patel,57,55,48,59,69,288,57.6,F
R0861,Swara Bhat,77,78,80,64,83,382,76.4,C
R0862,Radha Kapoor,59,67,65,64,49,304,60.8,D
R0863,Siddharth Pandey,73,76,78,51,70,348,69.6,D
R0864,Tejas Pillai,86,84,80,72,74,396,79.2,C
R0865,Riya Pillai,85,82,87,100,88,442,88.4,B
R0866,Charvi Sharma,92,88,100,100,93,473,94.6,A
R0867,Varun Patel,68,73,69,67,77,354,70.8,C
R0868,Ishita Naidu,58,49,66,60,80,313,62.6,D
R0869,Rohan Nair,85,85,94,88,85,437,87.4,B
R0870,Tara Kumar,76,71,74,87,81,389,77.8,C
R0871,Lakshmi Pillai,87,85,91,83,89,435,87.0,B
R0872,Aadhya Reddy,72,66,68,67,55,328,65.6,D
R0873,Ananya Patel,88,100,95,85,87,455,91.0,A
R0874,Dhruv Jain,83,74,81,87,82,407,81.4,B
R0875,Mahima Banerjee,81,79,75,86,88,409,81.8,B
R0876,Vaishnavi Kumar,79,77,78,78,77,389,77.8,C
R0877,Riya Pandey,77,78,75,86,72,388,77.6,C
R0878,Sakshi Sharma,75,75,77,69,85,381,76.2,C
R0879,Riya Singh,75,74,78,77,80,384,76.8,C
R0880,Varun Chauhan,85,89,74,82,83,413,82.6,B
R0881,Nisha Bhatt,65,49,59,59,64,296,59.2,F
R0882,Ayaan Saxena,95,91,97,100,98,481,96.2,A
R0883,Bhavna Nair,71,57,74,71,83,356,71.2,C
R0884,Radha Desai,85,83,85,79,100,432,86.4,B
R0885,Akash Patel,71,58,91,74,66,360,72.0,C
R0886,Lakshmi Kumar,69,57,77,63,83,349,69.8,D
R0887,Janvi Patel,98,94,96,100,100,488,97.6,A
R0888,Krishna Gupta,68,75,73,78,76,370,74.0,C
R0889,Pooja Saxena,55,56,65,66,68,310,62.0,D
R0890,Atharv Iyer,63,61,65,57,60,306,61.2,D
R0891,Rahul Mehta,68,75,53,69,80,345,69.0,D
R0892,Divya Shah,100,89,100,100,95,484,96.8,A
R0893,Akash Pillai,75,54,74,76,76,355,71.0,C
R0894,Diya Pillai,84,77,100,97,82,440,88.0,B
R0895,Aryan Nair,59,53,43,74,77,306,61.2,D
R0896,Nisha Ghosh,77,83,88,68,95,411,82.2,B
R0897,Diya Mishra,81,94,79,93,92,439,87.8,B
R0898,Krishna Shetty,95,80,100,100,100,475,95.0,A
R0899,Pooja Kapoor,63,79,60,73,64,339,67.8,D
R0900,Vivaan Iyer,80,89,80,96,99,444,88.8,B
R0901,Janvi Verma,76,79,84,82,92,413,82.6,B
R0902,Dhruv Menon,59,58,59,62,71,309,61.8,D
R0903,Ishita Chauhan,72,88,79,80,76,395,79.0,C
R0904,Tara Das,69,66,67,69,71,342,68.4,D
R0905,Bhavna Saxena,42,35,38,49,46,210,42.0,F
R0906,Aisha Bhat,80,77,77,66,96,396,79.2,C
R0907,Atharv Sharma,79,64,74,96,77,390,78.0,C
R0908,Ishaan Bhatt,66,66,64,64,72,332,66.4,D
R0909,Yash Reddy,55,50,65,62,73,305,61.0,D
R0910,Rohan Gupta,91,90,81,96,100,458,91.6,A
R0911,Manish Mishra,75,74,61,78,94,382,76.4,C
R0912,Swara Das,85,73,84,89,93,424,84.8,B
R0913,Trisha Ghosh,90,97,100,93,99,479,95.8,A
R0914,Rahul Chatterjee,65,53,72,54,81,325,65.0,D
R0915,Kavya Rao,83,86,93,81,93,436,87.2,B
R0916,Sneha Patel,69,52,78,81,77,357,71.4,C
R0917,Dhruv Trivedi,71,70,64,65,72,342,68.4,D
R0918,Nikhil Rajput,71,61,71,65,64,332,66.4,D
R0919,Lakshmi Singh,72,68,50,92,89,371,74.2,C
R0920,Bhavna Trivedi,86,77,80,98,88,429,85.8,B
R0921,Mahima Agarwal,74,53,78,89,73,367,73.4,C
R0922,Vaishnavi Desai,70,57,57,72,82,338,67.6,D
R0923,Harsh Bhat,68,65,51,73,66,323,64.6,D
R0924,Harsh Sharma,76,77,65,85,71,374,74.8,C
R0925,Ishita Banerjee,60,44,61,67,61,293,58.6,F
R0926,Aarohi Rao,65,44,74,67,70,320,64.0,D
R0927,Dhruv Pandey,71,60,91,62,78,362,72.4,C
R0928,Sneha Bhat,65,59,76,62,74,336,67.2,D
R0929,Aisha Trivedi,70,61,57,60,83,331,66.2,D
R0930,Radha Bhatt,64,54,45,79,68,310,62.0,D
R0931,Janvi Desai,98,100,98,97,100,493,98.6,A
R0932,Neha Joshi,89,93,97,90,93,462,92.4,A
R0933,Radha Jain,78,80,64,83,78,383,76.6,C
R0934,Sai Bhat,71,60,66,74,80,351,70.2,C
R0935,Ishaan Nair,100,97,96,100,100,493,98.6,A
R0936,Ayaan Patel,76,71,76,73,96,392,78.4,C
R0937,Varun Rajput,71,56,69,61,81,338,67.6,D
R0938,Divya Menon,76,79,80,93,76,404,80.8,B
R0939,Ishita Reddy,76,73,84,73,86,392,78.4,C
R0940,Nisha Bhat,90,82,90,89,93,444,88.8,B
R0941,Krishna Bhat,72,79,77,68,90,386,77.2,C
R0942,Nisha Banerjee,99,100,100,97,91,487,97.4,A
R0943,Bhavna Chauhan,61,64,52,64,61,302,60.4,D
R0944,Harsh Jain,81,87,72,89,81,410,82.0,B
R0945,Karthik Iyer,59,61,63,53,65,301,60.2,D
R0946,Kavya Mehta,96,82,100,100,100,478,95.6,A
R0947,Nikhil Agarwal,68,61,69,65,61,324,64.8,D
R0948,Sneha Sinha,71,75,79,83,62,370,74.0,C
R0949,Sakshi Kapoor,84,74,81,76,91,406,81.2,B
R0950,Trisha Yadav,88,84,95,91,100,458,91.6,A
R0951,Radha Menon,58,57,53,66,75,309,61.8,D
R0952,Ishaan Kumar,67,75,72,58,69,341,68.2,D
R0953,Gaurav Das,54,61,57,57,63,292,58.4,F
R0954,Gaurav Sharma,74,77,77,77,73,378,75.6,C
R0955,Akash Mishra,71,66,82,67,65,351,70.2,C
R0956,Janvi Rao,67,70,75,67,82,361,72.2,C
R0957,Yash Chatterjee,63,63,58,73,74,331,66.2,D
R0958,Mohit Rajput,67,62,74,71,70,344,68.8,D
R0959,Varun Shetty,62,69,48,61,64,304,60.8,D
R0960,Rahul Reddy,79,79,87,80,92,417,83.4,B
R0961,Varun Banerjee,92,82,100,98,100,472,94.4,A
R0962,Aryan Tiwari,47,53,51,60,50,261,52.2,F
R0963,Nikhil Reddy,70,64,74,79,78,365,73.0,C
R0964,Aadhya Verma,67,68,67,75,72,349,69.8,D
R0965,Ishita Sharma,78,62,84,93,80,397,79.4,C
R0966,Shreya Shetty,60,56,56,50,60,282,56.4,F
R0967,Ishita Malhotra,70,59,75,61,83,348,69.6,D
R0968,Radha Bhat,58,46,56,42,60,262,52.4,F
R0969,Janvi Joshi,81,62,78,90,77,388,77.6,C
R0970,Sita Tiwari,73,86,74,57,93,383,76.6,C
R0971,Bhavna Mehta,70,65,69,72,85,361,72.2,C
R0972,Ananya Shah,77,75,63,85,87,387,77.4,C
R0973,Karthik Chauhan,69,74,86,60,74,363,72.6,C
R0974,Mahima Mukherjee,52,47,53,49,59,260,52.0,F
R0975,Ishita Chatterjee,80,80,66,80,74,380,76.0,C
R0976,Nisha Trivedi,76,61,85,84,81,387,77.4,C
R0977,Tara Joshi,70,68,70,60,78,346,69.2,D
R0978,Priya Das,85,78,87,90,89,429,85.8,B
R0979,Priya Joshi,88,88,94,96,97,463,92.6,A
R0980,Anjali Pandey,58,56,51,61,57,283,56.6,F
R0981,Kavya Pillai,62,47,38,65,69,281,56.2,F
R0982,Saanvi Kapoor,92,73,91,100,85,441,88.2,B
R0983,Atharv Jain,90,78,92,94,95,449,89.8,B
R0984,Riya Reddy,62,64,70,64,63,323,64.6,D
R0985,Siddharth Das,57,56,51,56,52,272,54.4,F
R0986,Sneha Shetty,64,63,62,71,66,326,65.2,D
R0987,Mohit Malhotra,66,46,69,66,72,319,63.8,D
R0988,Charvi Chopra,51,35,48,58,52,244,48.8,F
R0989,Aarohi Reddy,72,63,70,75,85,365,73.0,C
R0990,Aadhya Verma,55,48,57,66,55,281,56.2,F
R0991,Akash Kapoor,56,47,48,52,69,272,54.4,F
R0992,Arjun Nair,84,83,97,87,95,446,89.2,B
R0993,Priya Tiwari,63,58,56,68,64,309,61.8,D
R0994,Vihaan Chauhan,71,58,71,76,88,364,72.8,C
R0995,Sai Rajput,80,69,77,91,75,392,78.4,C
R0996,Rohan Bhatt,83,80,77,88,92,420,84.0,B
R0997,Kavya Das,68,65,72,77,74,356,71.2,C
R0998,Swara Rao,73,68,81,91,84,397,79.4,C
R0999,Aryan Chauhan,61,75,73,70,54,333,66.6,D
R1000,Akash Kumar,95,89,100,89,91,464,92.8,A
